scenario,policy,seed,runs,cumulative_expected_hold,cumulative_observed_hold,main_effect_rmse,interaction_absolute_error,interval_coverage,identified_fraction,analysis_posts,enabled_interactions,rank,columns
sparse,adaptive,0,80,41.99903018599777,42.08,0.08133880731324761,,1.0,1.0,80,0,7,7
sparse,adaptive,1,80,42.632609982513,42.953333333333326,0.10124833680777534,,1.0,1.0,80,0,7,7
sparse,adaptive,2,80,42.24160825057097,42.24666666666666,0.05120335075118158,,1.0,1.0,80,0,7,7
sparse,adaptive,3,80,42.16399247307348,42.114666666666665,0.17024744031240577,,0.6666666666666666,1.0,80,0,7,7
sparse,adaptive,4,80,41.36385925773604,41.54066666666665,0.11611447478652187,,1.0,1.0,80,0,7,7
sparse,adaptive,5,80,40.296529375163594,40.25133333333332,0.06947350905395747,,1.0,1.0,80,0,7,7
sparse,adaptive,6,80,41.8627936393694,41.78466666666666,0.1496828381362777,,1.0,1.0,80,0,7,7
sparse,adaptive,7,80,44.123372710950775,44.17999999999999,0.062310116430904616,,1.0,1.0,80,0,7,7
sparse,adaptive,8,80,41.704563510114106,41.66666666666666,0.1512369377319991,,0.6666666666666666,1.0,80,0,7,7
sparse,adaptive,9,80,41.88810337333452,42.04,0.16405781506029035,,0.6666666666666666,1.0,80,0,7,7
sparse,random,0,80,43.82745067004594,43.65066666666669,0.12580177804701595,,1.0,1.0,80,0,7,7
sparse,random,1,80,42.4912121122635,42.52,0.0942729098589895,,1.0,1.0,80,0,7,7
sparse,random,2,80,42.72206628017267,42.73733333333334,0.05753837199258231,,1.0,1.0,80,0,7,7
sparse,random,3,80,39.79168946236628,39.68933333333332,0.09853766573326506,,1.0,1.0,80,0,7,7
sparse,random,4,80,42.604606363135275,42.46199999999998,0.09041860625087532,,1.0,1.0,80,0,7,7
sparse,random,5,80,39.26984771860341,39.153999999999996,0.19145359271224816,,0.6666666666666666,1.0,80,0,7,7
sparse,random,6,80,42.084524597430494,42.08,0.16264493730781204,,0.6666666666666666,1.0,80,0,7,7
sparse,random,7,80,45.123048300641535,45.112666666666684,0.06637685072279545,,1.0,1.0,80,0,7,7
sparse,random,8,80,41.45682766656634,41.38533333333332,0.11596435633221854,,1.0,1.0,80,0,7,7
sparse,random,9,80,44.71584440724405,44.61800000000001,0.0345027308539162,,1.0,1.0,80,0,7,7
sparse,ofat,0,80,36.37584717666293,36.34266666666666,0.14563559070384866,,1.0,0.3333333333333333,80,0,6,7
sparse,ofat,1,80,35.734679419717246,35.79866666666666,0.10242504528672407,,1.0,0.3333333333333333,80,0,6,7
sparse,ofat,2,80,34.77138371320113,34.73599999999999,0.06436547584481943,,1.0,0.3333333333333333,80,0,6,7
sparse,ofat,3,80,35.09673768044762,35.06933333333333,0.09074305886497326,,1.0,0.3333333333333333,80,0,6,7
sparse,ofat,4,80,34.895743076996226,34.95933333333334,0.17051960488907694,,1.0,0.3333333333333333,80,0,6,7
sparse,ofat,5,80,33.89785323373024,33.83466666666668,0.10348704405261931,,1.0,0.3333333333333333,80,0,6,7
sparse,ofat,6,80,34.56694624191983,34.395333333333326,0.08938302313229558,,1.0,0.3333333333333333,80,0,6,7
sparse,ofat,7,80,36.07542316926667,36.225333333333325,0.23643644463763158,,0.6666666666666666,0.3333333333333333,80,0,6,7
sparse,ofat,8,80,35.61157820712616,35.535999999999994,0.10374388191400573,,1.0,0.3333333333333333,80,0,6,7
sparse,ofat,9,80,34.823562581584305,35.104000000000006,0.11628300842483742,,1.0,0.3333333333333333,80,0,6,7
interactions,adaptive,0,80,47.27292806833261,47.22333333333332,0.06136146308933789,0.0009231533793667701,1.0,1.0,80,1,8,8
interactions,adaptive,1,80,46.0971228553052,46.217333333333315,0.0825871885186228,0.163202929824253,1.0,1.0,80,1,8,8
interactions,adaptive,2,80,45.83025281793708,45.94866666666668,0.1255597341939073,0.19463721816013957,1.0,1.0,80,1,8,8
interactions,adaptive,3,80,44.55323212213538,44.64266666666666,0.20242448021238915,0.28677706953330573,1.0,1.0,80,1,8,8
interactions,adaptive,4,80,45.268246412604384,45.26466666666668,0.13169969631087142,0.20262887616986958,0.6666666666666666,1.0,80,1,8,8
interactions,adaptive,5,80,43.56833683187574,43.55066666666664,0.09095983911511361,0.26189163096019297,1.0,1.0,80,1,8,8
interactions,adaptive,6,80,46.174159321141154,46.12333333333333,0.0790972070563844,0.15024890719304207,1.0,1.0,80,1,8,8
interactions,adaptive,7,80,47.21593272814309,47.40600000000001,0.16996210877744578,0.4422987944147837,1.0,1.0,80,1,8,8
interactions,adaptive,8,80,45.515145100035404,45.54466666666668,0.1934652722556396,0.11073643878210904,1.0,1.0,80,1,8,8
interactions,adaptive,9,80,44.621159073477095,44.56666666666667,0.16843102320275646,0.20529070342203593,1.0,1.0,80,1,8,8
interactions,random,0,80,46.731245579785586,46.60266666666669,0.08604868282184817,0.05685097559867791,1.0,1.0,80,1,8,8
interactions,random,1,80,46.61199791821446,46.74733333333333,0.09165782371755575,0.24648350346828574,1.0,1.0,80,1,8,8
interactions,random,2,80,46.12929293192124,46.13999999999999,0.20382020586062014,0.44868399647748436,0.6666666666666666,1.0,80,1,8,8
interactions,random,3,80,42.24909144194006,42.106666666666655,0.12392221059376322,0.05895506150000118,1.0,1.0,80,1,8,8
interactions,random,4,80,47.176734233966094,47.18333333333334,0.13103310266921564,0.4472618044299512,1.0,1.0,80,1,8,8
interactions,random,5,80,42.91206759328418,42.86066666666667,0.11975803750820313,0.16050078624954045,1.0,1.0,80,1,8,8
interactions,random,6,80,46.07784714516937,46.108,0.17937750059655655,0.18010854680091637,1.0,1.0,80,1,8,8
interactions,random,7,80,48.74929006610081,48.688666666666656,0.06378722804556539,0.1893685094510288,1.0,1.0,80,1,8,8
interactions,random,8,80,43.95367601246923,43.98666666666668,0.08923813233173056,0.39790650450002263,1.0,1.0,80,1,8,8
interactions,random,9,80,48.476392499469945,48.458,0.20305448513197097,0.4521518417439899,0.6666666666666666,1.0,80,1,8,8
interactions,ofat,0,80,36.37584717666293,36.34266666666666,0.14563559070384866,1.0,1.0,0.3333333333333333,80,0,6,7
interactions,ofat,1,80,35.734679419717246,35.79866666666666,0.10242504528672407,1.0,1.0,0.3333333333333333,80,0,6,7
interactions,ofat,2,80,34.77138371320113,34.73599999999999,0.06436547584481943,1.0,1.0,0.3333333333333333,80,0,6,7
interactions,ofat,3,80,35.09673768044762,35.06933333333333,0.09074305886497326,1.0,1.0,0.3333333333333333,80,0,6,7
interactions,ofat,4,80,34.895743076996226,34.95933333333334,0.17051960488907694,1.0,1.0,0.3333333333333333,80,0,6,7
interactions,ofat,5,80,33.89785323373024,33.83466666666668,0.10348704405261931,1.0,1.0,0.3333333333333333,80,0,6,7
interactions,ofat,6,80,34.56694624191983,34.395333333333326,0.08938302313229558,1.0,1.0,0.3333333333333333,80,0,6,7
interactions,ofat,7,80,36.07542316926667,36.225333333333325,0.23643644463763158,1.0,0.6666666666666666,0.3333333333333333,80,0,6,7
interactions,ofat,8,80,35.61157820712616,35.535999999999994,0.10374388191400573,1.0,1.0,0.3333333333333333,80,0,6,7
interactions,ofat,9,80,34.823562581584305,35.104000000000006,0.11628300842483742,1.0,1.0,0.3333333333333333,80,0,6,7
introduced,adaptive,0,80,45.031079760634256,45.080666666666666,0.14324234951621706,,1.0,1.0,40,0,8,8
introduced,adaptive,1,80,45.867606009182616,46.074,0.1121056977778755,,1.0,1.0,40,0,8,8
introduced,adaptive,2,80,44.78798054763178,44.928666666666665,0.12073784906046439,,1.0,1.0,40,0,8,8
introduced,adaptive,3,80,44.69283061413446,44.578666666666656,0.13838572259330423,,1.0,1.0,40,0,8,8
introduced,adaptive,4,80,44.82496417925284,44.93466666666667,0.1891172254021241,,0.75,1.0,40,0,8,8
introduced,adaptive,5,80,43.97650502600263,44.04666666666666,0.1476485223288208,,1.0,1.0,40,0,8,8
introduced,adaptive,6,80,44.725297064985035,44.503333333333345,0.09631064216201116,,1.0,1.0,40,0,8,8
introduced,adaptive,7,80,45.5923801749206,45.69866666666666,0.10907967364474756,,1.0,1.0,40,0,8,8
introduced,adaptive,8,80,43.71968473028986,43.74933333333334,0.0661263561363047,,1.0,1.0,40,0,8,8
introduced,adaptive,9,80,45.18052603688519,45.37266666666668,0.1791875981423434,,0.75,1.0,40,0,8,8
introduced,random,0,80,45.93613965090239,45.91666666666668,0.17229225015050667,,1.0,1.0,40,0,8,8
introduced,random,1,80,45.7052052205125,45.74666666666667,0.17535655479418563,,0.75,1.0,40,0,8,8
introduced,random,2,80,46.79095792808461,46.82400000000001,0.18441879236147588,,0.75,1.0,40,0,8,8
introduced,random,3,80,43.17537427752096,43.084666666666664,0.08006015734127768,,1.0,1.0,40,0,8,8
introduced,random,4,80,46.302378131481234,46.09999999999999,0.12345644461999163,,1.0,1.0,40,0,8,8
introduced,random,5,80,41.971129780694085,41.90866666666667,0.2135566541160934,,0.75,1.0,40,0,8,8
introduced,random,6,80,45.490966409290024,45.63066666666666,0.10433051792305738,,1.0,1.0,40,0,8,8
introduced,random,7,80,48.5871763803124,48.59733333333334,0.08802713150342167,,1.0,1.0,40,0,8,8
introduced,random,8,80,44.47483397585945,44.47666666666667,0.15312773192876,,1.0,1.0,40,0,8,8
introduced,random,9,80,48.39659833066051,48.450666666666656,0.24810247693828547,,0.75,1.0,40,0,8,8
introduced,ofat,0,80,37.4855526682513,37.380666666666656,0.1796184445404391,,1.0,1.0,40,0,8,8
introduced,ofat,1,80,36.49434269577378,36.68266666666668,0.24216567619960108,,1.0,1.0,40,0,8,8
introduced,ofat,2,80,35.632160103820524,35.69199999999999,0.2122102280532206,,1.0,1.0,40,0,8,8
introduced,ofat,3,80,35.443353697784275,35.44400000000001,0.2125780750589877,,1.0,1.0,40,0,8,8
introduced,ofat,4,80,35.86796741267546,35.84133333333334,0.18467648220770247,,1.0,1.0,40,0,8,8
introduced,ofat,5,80,34.324038937560886,34.29600000000001,0.14748596354044358,,1.0,1.0,40,0,8,8
introduced,ofat,6,80,35.733704191519166,35.54866666666666,0.2096421378865564,,1.0,1.0,40,0,8,8
introduced,ofat,7,80,36.92810076822377,37.02333333333333,0.08737600656003011,,1.0,1.0,40,0,8,8
introduced,ofat,8,80,35.834304427597075,35.61,0.1828220742172194,,1.0,1.0,40,0,8,8
introduced,ofat,9,80,36.052221099059906,36.08666666666666,0.05276801551326681,,1.0,1.0,40,0,8,8
irrelevant,adaptive,0,80,41.99903018599777,42.08,0.08133880731324761,,1.0,1.0,80,0,7,7
irrelevant,adaptive,1,80,42.632609982513,42.953333333333326,0.10124833680777534,,1.0,1.0,80,0,7,7
irrelevant,adaptive,2,80,42.24160825057097,42.24666666666666,0.05120335075118158,,1.0,1.0,80,0,7,7
irrelevant,adaptive,3,80,42.16399247307348,42.114666666666665,0.17024744031240577,,0.6666666666666666,1.0,80,0,7,7
irrelevant,adaptive,4,80,41.36385925773604,41.54066666666665,0.11611447478652187,,1.0,1.0,80,0,7,7
irrelevant,adaptive,5,80,40.296529375163594,40.25133333333332,0.06947350905395747,,1.0,1.0,80,0,7,7
irrelevant,adaptive,6,80,41.8627936393694,41.78466666666666,0.1496828381362777,,1.0,1.0,80,0,7,7
irrelevant,adaptive,7,80,44.123372710950775,44.17999999999999,0.062310116430904616,,1.0,1.0,80,0,7,7
irrelevant,adaptive,8,80,41.704563510114106,41.66666666666666,0.1512369377319991,,0.6666666666666666,1.0,80,0,7,7
irrelevant,adaptive,9,80,41.88810337333452,42.04,0.16405781506029035,,0.6666666666666666,1.0,80,0,7,7
irrelevant,random,0,80,43.82745067004594,43.65066666666669,0.12580177804701595,,1.0,1.0,80,0,7,7
irrelevant,random,1,80,42.4912121122635,42.52,0.0942729098589895,,1.0,1.0,80,0,7,7
irrelevant,random,2,80,42.72206628017267,42.73733333333334,0.05753837199258231,,1.0,1.0,80,0,7,7
irrelevant,random,3,80,39.79168946236628,39.68933333333332,0.09853766573326506,,1.0,1.0,80,0,7,7
irrelevant,random,4,80,42.604606363135275,42.46199999999998,0.09041860625087532,,1.0,1.0,80,0,7,7
irrelevant,random,5,80,39.26984771860341,39.153999999999996,0.19145359271224816,,0.6666666666666666,1.0,80,0,7,7
irrelevant,random,6,80,42.084524597430494,42.08,0.16264493730781204,,0.6666666666666666,1.0,80,0,7,7
irrelevant,random,7,80,45.123048300641535,45.112666666666684,0.06637685072279545,,1.0,1.0,80,0,7,7
irrelevant,random,8,80,41.45682766656634,41.38533333333332,0.11596435633221854,,1.0,1.0,80,0,7,7
irrelevant,random,9,80,44.71584440724405,44.61800000000001,0.0345027308539162,,1.0,1.0,80,0,7,7
irrelevant,ofat,0,80,36.37584717666293,36.34266666666666,0.14563559070384866,,1.0,0.3333333333333333,80,0,6,7
irrelevant,ofat,1,80,35.734679419717246,35.79866666666666,0.10242504528672407,,1.0,0.3333333333333333,80,0,6,7
irrelevant,ofat,2,80,34.77138371320113,34.73599999999999,0.06436547584481943,,1.0,0.3333333333333333,80,0,6,7
irrelevant,ofat,3,80,35.09673768044762,35.06933333333333,0.09074305886497326,,1.0,0.3333333333333333,80,0,6,7
irrelevant,ofat,4,80,34.895743076996226,34.95933333333334,0.17051960488907694,,1.0,0.3333333333333333,80,0,6,7
irrelevant,ofat,5,80,33.89785323373024,33.83466666666668,0.10348704405261931,,1.0,0.3333333333333333,80,0,6,7
irrelevant,ofat,6,80,34.56694624191983,34.395333333333326,0.08938302313229558,,1.0,0.3333333333333333,80,0,6,7
irrelevant,ofat,7,80,36.07542316926667,36.225333333333325,0.23643644463763158,,0.6666666666666666,0.3333333333333333,80,0,6,7
irrelevant,ofat,8,80,35.61157820712616,35.535999999999994,0.10374388191400573,,1.0,0.3333333333333333,80,0,6,7
irrelevant,ofat,9,80,34.823562581584305,35.104000000000006,0.11628300842483742,,1.0,0.3333333333333333,80,0,6,7
drift,adaptive,0,80,36.35644738716189,36.403333333333336,0.2596340114878458,,1.0,1.0,80,0,7,7
drift,adaptive,1,80,35.56789106335783,35.729333333333344,0.24096547651093178,,1.0,1.0,80,0,7,7
drift,adaptive,2,80,34.5084731264105,34.547333333333334,0.2554306478426245,,0.6666666666666666,1.0,80,0,7,7
drift,adaptive,3,80,35.206513449734025,35.05400000000001,0.22657659993445056,,1.0,1.0,80,0,7,7
drift,adaptive,4,80,34.79590840183193,34.960666666666675,0.14018599466110096,,1.0,1.0,80,0,7,7
drift,adaptive,5,80,35.11224433685358,35.083999999999996,0.16131052810666385,,1.0,1.0,80,0,7,7
drift,adaptive,6,80,34.10984489052126,34.012000000000015,0.1723515450232334,,1.0,1.0,80,0,7,7
drift,adaptive,7,80,36.04203846905792,36.026666666666664,0.18175504727235672,,1.0,1.0,80,0,7,7
drift,adaptive,8,80,34.9035722801325,34.77266666666668,0.18281489854203328,,1.0,1.0,80,0,7,7
drift,adaptive,9,80,34.31964179428796,34.16933333333332,0.32930585238029053,,0.6666666666666666,1.0,80,0,7,7
drift,random,0,80,36.45839936180792,36.35733333333334,0.28678180657277363,,0.6666666666666666,1.0,80,0,7,7
drift,random,1,80,36.25026525750019,36.35533333333332,0.28159964240346774,,0.6666666666666666,1.0,80,0,7,7
drift,random,2,80,34.55334439935068,34.56666666666668,0.305912891473631,,0.6666666666666666,1.0,80,0,7,7
drift,random,3,80,34.18798773946917,34.07,0.2187671807599759,,1.0,1.0,80,0,7,7
drift,random,4,80,36.39790306298252,36.376666666666665,0.24827710950023602,,1.0,1.0,80,0,7,7
drift,random,5,80,32.785713744855876,32.70733333333333,0.17486044740392345,,1.0,1.0,80,0,7,7
drift,random,6,80,36.07767925069263,36.09066666666667,0.3894141026006264,,0.6666666666666666,1.0,80,0,7,7
drift,random,7,80,38.68110243453039,38.61333333333335,0.1785738449895385,,1.0,1.0,80,0,7,7
drift,random,8,80,35.96960971813269,35.923999999999985,0.18222684607603282,,1.0,1.0,80,0,7,7
drift,random,9,80,36.88770633541842,37.07266666666664,0.18173394005392204,,1.0,1.0,80,0,7,7
drift,ofat,0,80,33.220470712447735,33.30799999999999,0.4800474962271634,,1.0,0.3333333333333333,80,0,6,7
drift,ofat,1,80,32.13632631185965,32.291999999999994,0.4694848652375508,,1.0,0.3333333333333333,80,0,6,7
drift,ofat,2,80,31.372587682955245,31.382,0.49868858663089277,,1.0,0.3333333333333333,80,0,6,7
drift,ofat,3,80,31.43816289695604,31.397333333333336,0.4583385282718291,,1.0,0.3333333333333333,80,0,6,7
drift,ofat,4,80,31.17843262709773,31.352666666666675,0.4457822154467109,,1.0,0.3333333333333333,80,0,6,7
drift,ofat,5,80,30.251714189729118,30.22666666666667,0.5347214285279883,,1.0,0.3333333333333333,80,0,6,7
drift,ofat,6,80,30.99651602379373,30.861333333333327,0.4944429677848689,,1.0,0.3333333333333333,80,0,6,7
drift,ofat,7,80,32.34050033903556,32.52533333333333,0.517564919750074,,1.0,0.3333333333333333,80,0,6,7
drift,ofat,8,80,31.581390947581273,31.589999999999996,0.49237327834561967,,1.0,0.3333333333333333,80,0,6,7
drift,ofat,9,80,31.131828929792277,31.35533333333333,0.5173758558188603,,1.0,0.3333333333333333,80,0,6,7
confounded,adaptive,0,80,45.47992116282489,45.534666666666666,0.12682219119308413,,1.0,0.6666666666666666,80,0,6,7
confounded,adaptive,1,80,45.48907244681475,45.55133333333333,0.10439107522104259,,1.0,0.6666666666666666,80,0,6,7
confounded,adaptive,2,80,44.84089081128523,44.83066666666666,0.12074829015623044,,1.0,0.6666666666666666,80,0,6,7
confounded,adaptive,3,80,43.65873895557126,43.622,0.10885449887072772,,1.0,0.6666666666666666,80,0,6,7
confounded,adaptive,4,80,44.04516230853178,44.10733333333333,0.17869128512050103,,0.6666666666666666,0.6666666666666666,80,0,6,7
confounded,adaptive,5,80,44.37363293102224,44.30666666666668,0.15745177393107335,,1.0,0.6666666666666666,80,0,6,7
confounded,adaptive,6,80,43.733040066565785,43.487333333333325,0.17913725808421302,,1.0,0.6666666666666666,80,0,6,7
confounded,adaptive,7,80,44.27422883010502,44.288000000000004,0.06925574257188609,,1.0,0.6666666666666666,80,0,6,7
confounded,adaptive,8,80,44.20997273998106,44.126,0.16538458431068567,,1.0,0.6666666666666666,80,0,6,7
confounded,adaptive,9,80,44.5214356633761,44.662666666666674,0.14556744289038967,,1.0,0.6666666666666666,80,0,6,7
confounded,random,0,80,42.561778381783206,42.598666666666674,0.14538065959805463,,1.0,0.6666666666666666,80,0,6,7
confounded,random,1,80,43.254750057443914,43.26533333333333,0.10806447254999421,,1.0,0.6666666666666666,80,0,6,7
confounded,random,2,80,41.71034377613504,41.678000000000004,0.08955690865811403,,1.0,0.6666666666666666,80,0,6,7
confounded,random,3,80,39.63582806661366,39.65000000000002,0.0992714810723352,,1.0,0.6666666666666666,80,0,6,7
confounded,random,4,80,41.72778413962148,41.76399999999998,0.1098375930281947,,1.0,0.6666666666666666,80,0,6,7
confounded,random,5,80,39.90431414059836,39.743333333333325,0.1741167800360185,,0.6666666666666666,0.6666666666666666,80,0,6,7
confounded,random,6,80,42.886902491342,42.688666666666656,0.12208246382091918,,1.0,0.6666666666666666,80,0,6,7
confounded,random,7,80,43.0088153597351,43.11000000000001,0.07396914743797835,,1.0,0.6666666666666666,80,0,6,7
confounded,random,8,80,42.46169765373746,42.306000000000004,0.11879698239821206,,1.0,0.6666666666666666,80,0,6,7
confounded,random,9,80,42.66494076167216,42.716666666666654,0.10505473248553981,,1.0,0.6666666666666666,80,0,6,7
confounded,ofat,0,80,40.53786136194247,40.50066666666666,0.14323246314220753,,1.0,0.6666666666666666,80,0,6,7
confounded,ofat,1,80,39.77974247966522,39.79133333333333,0.13668129271162469,,1.0,0.6666666666666666,80,0,6,7
confounded,ofat,2,80,39.331547961948225,39.18733333333333,0.1258280543064307,,1.0,0.6666666666666666,80,0,6,7
confounded,ofat,3,80,39.3885443401022,39.31200000000001,0.2507802575967994,,0.6666666666666666,0.6666666666666666,80,0,6,7
confounded,ofat,4,80,38.867313156923316,39.03999999999999,0.17652500677756308,,1.0,0.6666666666666666,80,0,6,7
confounded,ofat,5,80,40.27853643935469,40.202,0.117378670650081,,1.0,0.6666666666666666,80,0,6,7
confounded,ofat,6,80,38.818024834465525,38.57000000000001,0.10646934421327076,,1.0,0.6666666666666666,80,0,6,7
confounded,ofat,7,80,40.30915833667783,40.42733333333334,0.23615913413939416,,0.6666666666666666,0.6666666666666666,80,0,6,7
confounded,ofat,8,80,39.604571900277506,39.35199999999999,0.11475900498705832,,1.0,0.6666666666666666,80,0,6,7
confounded,ofat,9,80,38.39611735605607,38.23266666666667,0.1840293804698491,,1.0,0.6666666666666666,80,0,6,7
